{
  "/index.php-137" : {
    "transaction" : "/index.php-137",
    "sampleCount" : 656,
    "errorCount" : 61,
    "errorPct" : 9.29878,
    "meanResTime" : 714.8536585365846,
    "medianResTime" : 572.0,
    "minResTime" : 318.0,
    "maxResTime" : 30743.0,
    "pct1ResTime" : 1014.0,
    "pct2ResTime" : 1147.35,
    "pct3ResTime" : 2325.0199999999695,
    "throughput" : 6.589454863238677,
    "receivedKBytesPerSec" : 23.708741747486265,
    "sentKBytesPerSec" : 3.6932961431348126
  },
  "/index.php-163-0" : {
    "transaction" : "/index.php-163-0",
    "sampleCount" : 452,
    "errorCount" : 0,
    "errorPct" : 0.0,
    "meanResTime" : 590.4823008849562,
    "medianResTime" : 397.0,
    "minResTime" : 314.0,
    "maxResTime" : 14393.0,
    "pct1ResTime" : 958.4999999999998,
    "pct2ResTime" : 1249.8499999999997,
    "pct3ResTime" : 3707.949999999974,
    "throughput" : 4.598730262086928,
    "receivedKBytesPerSec" : 1.9041617491453688,
    "sentKBytesPerSec" : 2.317328921129741
  },
  "/index.php-163-1" : {
    "transaction" : "/index.php-163-1",
    "sampleCount" : 452,
    "errorCount" : 19,
    "errorPct" : 4.20354,
    "meanResTime" : 509.53539823008833,
    "medianResTime" : 376.0,
    "minResTime" : 328.0,
    "maxResTime" : 2181.0,
    "pct1ResTime" : 834.1999999999996,
    "pct2ResTime" : 1034.5499999999995,
    "pct3ResTime" : 1705.999999999997,
    "throughput" : 4.595083667120753,
    "receivedKBytesPerSec" : 17.288599226994084,
    "sentKBytesPerSec" : 2.2975418335603766
  },
  "/catalog/view/theme/OPC060130/image/megnor/footer_icon.png-125" : {
    "transaction" : "/catalog/view/theme/OPC060130/image/megnor/footer_icon.png-125",
    "sampleCount" : 669,
    "errorCount" : 0,
    "errorPct" : 0.0,
    "meanResTime" : 695.7354260089679,
    "medianResTime" : 324.0,
    "minResTime" : 305.0,
    "maxResTime" : 58551.0,
    "pct1ResTime" : 959.0,
    "pct2ResTime" : 1273.0,
    "pct3ResTime" : 5552.699999999954,
    "throughput" : 6.721794086026907,
    "receivedKBytesPerSec" : 8.152801030122479,
    "sentKBytesPerSec" : 3.0195559370823997
  },
  "/index.php-137-1" : {
    "transaction" : "/index.php-137-1",
    "sampleCount" : 123,
    "errorCount" : 8,
    "errorPct" : 6.504065,
    "meanResTime" : 470.43089430894304,
    "medianResTime" : 366.0,
    "minResTime" : 341.0,
    "maxResTime" : 2340.0,
    "pct1ResTime" : 752.4000000000001,
    "pct2ResTime" : 900.9999999999999,
    "pct3ResTime" : 2338.56,
    "throughput" : 1.415582920934515,
    "receivedKBytesPerSec" : 4.994416431695247,
    "sentKBytesPerSec" : 0.6704665201691794
  },
  "/index.php-137-0" : {
    "transaction" : "/index.php-137-0",
    "sampleCount" : 123,
    "errorCount" : 0,
    "errorPct" : 0.0,
    "meanResTime" : 678.7235772357723,
    "medianResTime" : 433.0,
    "minResTime" : 319.0,
    "maxResTime" : 21311.0,
    "pct1ResTime" : 787.4000000000001,
    "pct2ResTime" : 948.4,
    "pct3ResTime" : 16814.8400000001,
    "throughput" : 1.4158925303035537,
    "receivedKBytesPerSec" : 0.5890334159270643,
    "sentKBytesPerSec" : 0.6678477462271645
  },
  "/-117" : {
    "transaction" : "/-117",
    "sampleCount" : 673,
    "errorCount" : 51,
    "errorPct" : 7.578009,
    "meanResTime" : 655.3283803863302,
    "medianResTime" : 469.0,
    "minResTime" : 313.0,
    "maxResTime" : 55565.0,
    "pct1ResTime" : 721.2,
    "pct2ResTime" : 858.4999999999998,
    "pct3ResTime" : 1679.12,
    "throughput" : 6.653813831627861,
    "receivedKBytesPerSec" : 28.15492107555984,
    "sentKBytesPerSec" : 2.699442940827525
  },
  "Total" : {
    "transaction" : "Total",
    "sampleCount" : 5495,
    "errorCount" : 811,
    "errorPct" : 14.758872,
    "meanResTime" : 1140.6635122838954,
    "medianResTime" : 556.0,
    "minResTime" : 305.0,
    "maxResTime" : 60684.0,
    "pct1ResTime" : 1244.0,
    "pct2ResTime" : 1887.1999999999998,
    "pct3ResTime" : 18009.59999999999,
    "throughput" : 53.354176578535984,
    "receivedKBytesPerSec" : 232.5284718446272,
    "sentKBytesPerSec" : 30.18042838694643
  },
  "/index.php?route=account/login-162-0" : {
    "transaction" : "/index.php?route=account/login-162-0",
    "sampleCount" : 155,
    "errorCount" : 0,
    "errorPct" : 0.0,
    "meanResTime" : 616.3612903225809,
    "medianResTime" : 402.0,
    "minResTime" : 323.0,
    "maxResTime" : 3325.0,
    "pct1ResTime" : 984.4000000000001,
    "pct2ResTime" : 1448.399999999998,
    "pct3ResTime" : 3317.16,
    "throughput" : 1.5871065511662674,
    "receivedKBytesPerSec" : 0.6602611238250291,
    "sentKBytesPerSec" : 1.399267611123057
  },
  "/index.php-163" : {
    "transaction" : "/index.php-163",
    "sampleCount" : 646,
    "errorCount" : 56,
    "errorPct" : 8.668731,
    "meanResTime" : 957.8405572755421,
    "medianResTime" : 836.5,
    "minResTime" : 314.0,
    "maxResTime" : 14840.0,
    "pct1ResTime" : 1478.7000000000012,
    "pct2ResTime" : 2001.3,
    "pct3ResTime" : 4053.399999999984,
    "throughput" : 6.542765989770598,
    "receivedKBytesPerSec" : 25.181702837772825,
    "sentKBytesPerSec" : 5.58589595887983
  },
  "/index.php?route=account/login-162-1" : {
    "transaction" : "/index.php?route=account/login-162-1",
    "sampleCount" : 155,
    "errorCount" : 5,
    "errorPct" : 3.2258065,
    "meanResTime" : 610.0193548387098,
    "medianResTime" : 387.0,
    "minResTime" : 336.0,
    "maxResTime" : 10346.0,
    "pct1ResTime" : 897.2,
    "pct2ResTime" : 1208.2,
    "pct3ResTime" : 5692.959999999981,
    "throughput" : 1.589059071989502,
    "receivedKBytesPerSec" : 5.789503255648849,
    "sentKBytesPerSec" : 0.8534985249943614
  },
  "HTTP Request" : {
    "transaction" : "HTTP Request",
    "sampleCount" : 738,
    "errorCount" : 108,
    "errorPct" : 14.634147,
    "meanResTime" : 3909.3238482384822,
    "medianResTime" : 1125.0,
    "minResTime" : 620.0,
    "maxResTime" : 60684.0,
    "pct1ResTime" : 4854.700000000002,
    "pct2ResTime" : 26416.399999999994,
    "pct3ResTime" : 56320.47,
    "throughput" : 7.165674670602286,
    "receivedKBytesPerSec" : 96.90162360970862,
    "sentKBytesPerSec" : 1.6315897748346944
  },
  "/index.php?route=account/login-162" : {
    "transaction" : "/index.php?route=account/login-162",
    "sampleCount" : 653,
    "errorCount" : 503,
    "errorPct" : 77.0291,
    "meanResTime" : 857.6263399693718,
    "medianResTime" : 555.0,
    "minResTime" : 317.0,
    "maxResTime" : 60653.0,
    "pct1ResTime" : 1190.2,
    "pct2ResTime" : 1558.6999999999987,
    "pct3ResTime" : 3764.360000000006,
    "throughput" : 6.611787815274951,
    "receivedKBytesPerSec" : 24.913136435203466,
    "sentKBytesPerSec" : 6.6579842653625345
  }
}